Date,Open,High,Low,Close,Adj Close,Volume
9/30/2019,187.789993,189.110001,187.399994,188.809998,184.266968,26307700
9/27/2019,189.729996,189.830002,185.75,187.029999,182.529755,40773500
9/26/2019,189.830002,190,187.979996,189.380005,184.823242,26826000
9/25/2019,187.779999,190.580002,186.210007,190.080002,185.506378,34704900
9/24/2019,191.369995,191.789993,187.149994,187.970001,183.447159,40820700
9/23/2019,190.360001,191.070007,189.720001,190.5,185.91629,22485900
9/20/2019,193.110001,193.309998,190.160004,190.800003,185.83429,29086100
9/19/2019,192.860001,194.039993,192.470001,192.839996,187.821198,26039400
9/18/2019,192.199997,192.600006,190.110001,192.520004,187.509552,29781300
9/17/2019,191.699997,192.600006,191.289993,192.600006,187.587448,20953400
9/16/2019,191.300003,192.080002,191.110001,191.679993,186.691376,20319000
9/13/2019,192.949997,193.399994,192.289993,192.539993,187.528992,27669800
9/12/2019,193.610001,194.710007,192.970001,193.229996,188.201035,28689900
9/11/2019,191,192.529999,190.559998,192.429993,187.42189,25063600
9/10/2019,190.160004,190.740005,188.910004,190.639999,185.678467,23744700
9/9/2019,192.190002,192.270004,190.220001,191.190002,186.214172,24407600
9/6/2019,192.100006,192.169998,191.169998,191.589996,186.60376,19487800
9/5/2019,190.410004,192.330002,190.339996,191.779999,186.788818,33932600
9/4/2019,187.440002,188.490005,186.899994,188.330002,183.428574,21592100
9/3/2019,186.220001,187.179993,185.029999,185.649994,180.818314,27964200
8/30/2019,188.929993,188.970001,186.410004,187.470001,182.591003,26319800
8/29/2019,187.389999,188.460007,186.679993,187.919998,183.029266,25358900
8/28/2019,183.830002,185.399994,182.910004,185.089996,180.272888,21792400
8/27/2019,186.110001,186.419998,183.710007,184.429993,179.630096,28012800
8/26/2019,184.139999,184.869995,183.080002,184.820007,180.009979,27598900
8/23/2019,186.740005,188.449997,181.559998,182.070007,177.331528,55372400
8/22/2019,188.979996,189.460007,186.539993,188.020004,183.126678,24243700
8/21/2019,188.610001,189.229996,187.960007,188.630005,183.720795,20418500
8/20/2019,187.960007,188.639999,186.919998,186.970001,182.103973,19902900
8/19/2019,188.160004,188.830002,187.5,188.429993,183.525986,22494100
8/16/2019,184.210007,185.949997,184.100006,185.479996,180.652756,32781400
8/15/2019,183,183.589996,181.160004,182.550003,177.799026,36685000
8/14/2019,185.360001,185.949997,182.419998,182.759995,178.00354,51000500
8/13/2019,184.190002,189.679993,184.020004,188.389999,183.486984,40241900
8/12/2019,185.339996,185.899994,183.5,184.350006,179.55217,24642900
8/9/2019,187.360001,188,185.029999,186.490005,181.636475,33608900
8/8/2019,185.080002,188.320007,184.570007,188.259995,183.360397,38418100
8/7/2019,181.270004,184.509995,179.889999,184.25,179.454773,49990600
8/6/2019,182.399994,183.800003,181.070007,183.259995,178.490524,41897200
8/5/2019,183.429993,183.509995,179.199997,180.729996,176.026367,75040000
8/2/2019,188.720001,188.990005,186.210007,187.350006,182.474075,55214000
8/1/2019,191.429993,194.979996,189.229996,190.149994,185.201202,63251600
7/31/2019,194.300003,194.429993,189.320007,191.100006,186.12648,41627500
7/30/2019,193.130005,194.539993,192.990005,193.779999,188.736755,18705000
7/29/2019,195.110001,195.179993,193.389999,194.619995,189.554901,20451700
7/26/2019,194.529999,195.550003,194.429993,195.289993,190.207443,20431200
7/25/2019,194.490005,194.520004,192.929993,193.300003,188.269272,23434700
7/24/2019,193.050003,195.160004,193.029999,195.149994,190.071045,20422900
7/23/2019,193.580002,193.809998,192.289993,193.789993,188.746475,23786700
7/22/2019,191.440002,192.940002,191.440002,192.529999,187.519287,18954900
7/19/2019,193.740005,193.830002,190.809998,191.009995,186.038864,29387900
7/18/2019,191.289993,192.789993,190.690002,192.419998,187.41214,28877000
7/17/2019,193.149994,193.490005,192.179993,192.199997,187.197845,16765100
7/16/2019,193.910004,194.089996,192.559998,193.149994,188.123138,20190900
7/15/2019,193.979996,194.190002,193.440002,194.149994,189.097107,15606100
7/12/2019,192.630005,193.539993,192.449997,193.529999,188.493286,20211900
7/11/2019,192.850006,193.339996,191.809998,192.419998,187.41214,23736100
7/10/2019,191.820007,193.089996,191.470001,192.559998,187.548508,28374500
7/9/2019,188.809998,190.899994,188.649994,190.660004,185.697937,19193500
7/8/2019,189.809998,189.869995,188.929993,189.710007,184.77269,17598800
7/5/2019,190.130005,191.399994,189.389999,191.050003,186.077805,21415600
7/3/2019,190.490005,191.440002,190.289993,191.440002,186.457611,15792100
7/2/2019,189.199997,190.029999,188.660004,190.009995,185.064865,18035800
7/1/2019,190.320007,190.570007,188.380005,189.259995,184.334366,31025600
6/28/2019,186.949997,187.149994,186.070007,186.740005,181.879974,21179200
6/27/2019,186.460007,186.940002,185.990005,186.5,181.646225,19709200
6/26/2019,186.160004,187.330002,185.490005,185.789993,180.954712,22595700
6/25/2019,188.029999,188.139999,184.649994,184.929993,180.117035,33921100
6/24/2019,188.529999,188.720001,188.059998,188.160004,183.263031,19375200
6/21/2019,188.630005,189.770004,188.169998,188.570007,183.257202,39980400
6/20/2019,189.720001,189.759995,187.160004,188.850006,183.529266,40922000
6/19/2019,186.660004,187.529999,185.570007,187.110001,181.838303,31672900
6/18/2019,185.910004,187.720001,185.429993,186.410004,181.158035,48177300
6/17/2019,183.039993,184.25,182.839996,183.740005,178.563248,20379500
6/14/2019,182.479996,183.110001,181.940002,182.639999,177.494217,22844100
6/13/2019,183.100006,183.869995,182.740005,183.419998,178.252274,23715800
6/12/2019,182.899994,183.279999,182,182.339996,177.202728,27758100
6/11/2019,185.059998,185.399994,182.779999,183.399994,178.232819,41260300
6/10/2019,182.25,184.850006,182.210007,183.149994,177.989883,41385300
6/7/2019,178.559998,181.770004,178.330002,181.039993,175.939285,45888300
6/6/2019,176.509995,178.039993,175.729996,177.610001,172.605957,29913200
6/5/2019,176.580002,176.610001,174.380005,176.210007,171.245422,34412700
6/4/2019,172.029999,174.970001,171.369995,174.910004,169.98201,47797800
6/3/2019,173.479996,173.949997,169.270004,170.119995,165.326981,75842300
5/31/2019,174.690002,175.289993,173.869995,173.949997,169.049072,45446200
5/30/2019,176.5,177.270004,175.770004,176.770004,171.789612,30354800
5/29/2019,176.389999,177,175.089996,176.029999,171.07048,42178800
5/28/2019,178.660004,179.660004,177.470001,177.490005,172.489365,24763800
5/24/2019,179.210007,179.850006,177.940002,178.160004,173.140442,25903300
5/23/2019,178.940002,179.020004,177.139999,178.25,173.227966,45351300
5/22/2019,180.820007,182.070007,180.75,181.020004,175.919891,24332600
5/21/2019,181.5,182.330002,180.919998,181.830002,176.707077,31613800
5/20/2019,180.490005,181.179993,179.339996,179.949997,174.880035,38608300
5/17/2019,183.100006,185.580002,182.880005,183.039993,177.882965,44702300
5/16/2019,183.169998,186.070007,182.949997,184.929993,179.719696,39281200
5/15/2019,179.350006,183.550003,179.309998,183.089996,177.931564,40944500
5/14/2019,179.520004,181.630005,178.860001,180.539993,175.4534,43360600
5/13/2019,180.289993,181.259995,178.059998,178.580002,173.54863,67185800
5/10/2019,184.110001,185.889999,181.029999,185,179.78772,58526400
5/9/2019,183.699997,185.410004,182.089996,184.770004,179.56424,55351700
5/8/2019,185.630005,187.169998,184.960007,185.770004,180.536041,37165300
5/7/2019,187.869995,188.669998,184.509995,186.240005,180.992813,58818100
5/6/2019,187.050003,190.199997,186.759995,189.940002,184.588562,38371800
5/3/2019,189.669998,191.25,189.330002,191.110001,185.725586,30386200
5/2/2019,188.869995,189.850006,186.869995,188.110001,182.81015,44110100
5/1/2019,190.779999,191.320007,188.800003,188.929993,183.606995,34797100
4/30/2019,189.479996,189.850006,188.210007,189.539993,184.199799,31495300
4/29/2019,190.649994,191.320007,190.339996,191.020004,185.638153,21716200
4/26/2019,190.179993,190.690002,188.589996,190.649994,185.278549,26359500
4/25/2019,191.130005,191.220001,189.449997,190.479996,185.113358,29517500
4/24/2019,190.470001,190.710007,189.649994,189.710007,184.365036,24977100
4/23/2019,188.399994,190.539993,188.130005,190.309998,184.948135,33665600
4/22/2019,186.570007,187.990005,186.429993,187.919998,182.625488,17936000
4/18/2019,187.460007,187.789993,186.289993,187.389999,182.110382,28580900
4/17/2019,187.75,187.929993,186.600006,187.149994,181.877167,29651600
4/16/2019,186.539993,186.910004,185.929993,186.5,181.245468,27195700
4/15/2019,185.839996,186.070007,184.619995,185.860001,180.623505,21073000
4/12/2019,185.850006,185.949997,185.059998,185.830002,180.594345,24989100
4/11/2019,185.779999,185.779999,184.690002,185.029999,179.816879,20654100
4/10/2019,184.720001,185.529999,184.520004,185.470001,180.244507,24563000
4/9/2019,184.5,185.110001,184.089996,184.479996,179.282379,25631900
4/8/2019,184.360001,185.279999,183.630005,185.130005,179.914124,22697500
4/5/2019,184.240005,184.770004,184.020004,184.660004,179.457336,25674700
4/4/2019,183.830002,184.5,182.649994,183.710007,178.534073,28530800
4/3/2019,183.759995,184.919998,183.210007,183.779999,178.602158,31633500
4/2/2019,182.240005,182.910004,181.779999,182.729996,177.581696,22645200
4/1/2019,181.509995,182.259995,180.770004,182.039993,176.911148,30969500
3/29/2019,179.690002,179.830002,178.589996,179.660004,174.598221,35205500
3/28/2019,178.360001,178.979996,177.240005,178.309998,173.286224,30368200
3/27/2019,179.320007,179.720001,176.600006,177.899994,172.887787,37096700
3/26/2019,179.600006,180.690002,178.139999,179.050003,174.005402,33248100
3/25/2019,177.910004,178.839996,176.929993,178.220001,173.19873,46336500
3/22/2019,181.779999,182.270004,178.369995,178.559998,173.529205,70794500
3/21/2019,179.220001,182.830002,179.199997,182.570007,177.426193,42428500
3/20/2019,179.059998,180.860001,178.240005,179.759995,174.695328,50105000
3/19/2019,179.179993,180,178.289993,179.050003,174.005402,36893300
3/18/2019,177.949997,178.990005,177.589996,178.449997,173.422272,32935100
3/15/2019,177.399994,178.880005,177.279999,178.350006,173.010284,38192000
3/14/2019,177.130005,177.339996,176.660004,176.710007,171.419342,23751500
3/13/2019,176.600006,177.929993,176.350006,177.009995,171.710358,42426100
3/12/2019,175.190002,176.139999,174.770004,175.690002,170.429886,33953500
3/11/2019,171.880005,174.850006,171.850006,174.729996,169.498611,30518400
3/8/2019,169.509995,171.259995,169.339996,171.169998,166.045197,39303200
3/7/2019,173.119995,173.179993,170.789993,171.429993,166.297424,39407400
3/6/2019,174.720001,174.75,173.279999,173.559998,168.363647,27194600
3/5/2019,174.550003,175.089996,173.690002,174.550003,169.324005,22319900
3/4/2019,175.539993,175.789993,172.470001,174.419998,169.197906,38063500
3/1/2019,174.440002,174.649994,173.179993,174.389999,169.168793,31431200
2/28/2019,173.050003,173.809998,172.699997,173.190002,168.004715,25085500
2/27/2019,172.899994,173.800003,171.759995,173.589996,168.392746,25162000
2/26/2019,173.100006,174.25,172.809998,173.699997,168.499466,21939700
2/25/2019,174.210007,174.660004,173.399994,173.520004,168.32486,32608800
2/22/2019,171.990005,173.009995,171.899994,172.889999,167.713684,27735400
2/21/2019,171.789993,172.259995,170.710007,171.619995,166.48175,25207400
2/20/2019,172.399994,173.080002,171.320007,172.25,167.092865,32593000
2/19/2019,171.410004,172.800003,171.380005,172.279999,167.121964,19487700
2/15/2019,172.520004,172.559998,171.139999,171.940002,166.79213,32521700
2/14/2019,170.399994,171.830002,169.830002,171.220001,166.093704,30326800
2/13/2019,171.649994,172.160004,170.820007,171.009995,165.889999,26094100
2/12/2019,169.630005,171.139999,169.330002,170.889999,165.773621,29722100
2/11/2019,169.169998,169.580002,167.979996,168.399994,163.358093,21434100
2/8/2019,166.759995,168.589996,166.570007,168.559998,163.513336,29020700
2/7/2019,169.029999,169.449997,166.949997,168.229996,163.193237,42036200
2/6/2019,171.070007,171.369995,169.75,170.520004,165.414627,27970000
2/5/2019,169.759995,171.229996,169.690002,171.029999,165.909393,28156400
2/4/2019,167.479996,169.529999,167.330002,169.529999,164.454315,26718800
2/1/2019,167.330002,168.600006,166.990005,167.449997,162.4366,32143700
1/31/2019,166.699997,168.990005,166.470001,168.160004,163.12532,37258400
1/30/2019,163.399994,166.279999,162.889999,165.679993,160.719559,41346500
1/29/2019,163.199997,163.240005,160.990005,161.570007,156.73262,30784200
1/28/2019,163.020004,163.119995,161.75,163.110001,158.226532,33491200
1/25/2019,164.509995,165.649994,163.949997,165.149994,160.205444,36515900
1/24/2019,162.679993,163.440002,162.059998,163.199997,158.313843,32417800
1/23/2019,162.770004,163.509995,160.320007,162.149994,157.295242,38106100
1/22/2019,164.059998,164.139999,160.759995,161.940002,157.091553,56711700
1/18/2019,164.779999,166.020004,163.820007,165.25,160.302444,57183200
1/17/2019,161.830002,164.360001,161.570007,163.630005,158.730957,39329000
1/16/2019,162.649994,163.779999,162.289993,162.350006,157.489243,33812200
1/15/2019,160,162.600006,159.910004,162.380005,157.518402,40874200
1/14/2019,159.330002,159.960007,158.589996,159.270004,154.501495,30710200
1/11/2019,160.330002,160.860001,159.789993,160.690002,155.878983,30176600
1/10/2019,159.600006,161.369995,158.699997,161.279999,156.451309,38943400
1/9/2019,160.139999,161.520004,159.470001,160.820007,156.005096,46491700
1/8/2019,159.539993,160.110001,157.199997,159.520004,154.743988,49388700
1/7/2019,156.619995,158.860001,156.110001,158.089996,153.356796,52059300
1/4/2019,152.339996,157,151.740005,156.229996,151.552505,74709300
1/3/2019,152.600006,153.259995,149.490005,149.820007,145.334412,74820200
1/2/2019,150.990005,155.75,150.880005,154.880005,150.24295,58576700
12/31/2018,154.470001,154.979996,152.710007,154.259995,149.641495,53015300
12/28/2018,154.149994,155.589996,151.720001,152.970001,148.390137,77856600
12/27/2018,150.369995,153.179993,147.080002,153.050003,148.467697,85824300
12/26/2018,145.080002,152.539993,144.089996,152.460007,147.895386,98982100
12/24/2018,146.080002,147.979996,143.460007,143.5,139.203613,56163300
12/21/2018,153.050003,154.089996,146.720001,147.570007,142.743378,141129400
12/20/2018,154.149994,155.869995,150.389999,152.289993,147.309021,99002100
12/19/2018,158.179993,160.720001,153.339996,154.529999,149.475754,81856500
12/18/2018,158.649994,159.949997,157.039993,158.419998,153.238541,63642100
12/17/2018,160.389999,161.669998,156.169998,157.429993,152.280869,74834100
12/14/2018,163.210007,163.809998,160.699997,161.080002,155.811493,56547400
12/13/2018,166.130005,166.820007,164.029999,165.100006,159.700073,46378500
12/12/2018,166,167.600006,164.960007,165.050003,159.651657,53780000
12/11/2018,165.729996,165.770004,162.229996,163.610001,158.258743,59058300
12/10/2018,161.080002,163.779999,159.410004,163.070007,157.736465,73960800
12/7/2018,166.160004,167.119995,160.860001,161.380005,156.101715,80432200
12/6/2018,162.380005,166.910004,161.770004,166.889999,161.431488,71715500
12/4/2018,171.429993,171.910004,165.520004,165.720001,160.299759,70594700
12/3/2018,173.110001,173.309998,169.509995,172.330002,166.693527,50771700
11/30/2018,168.380005,169.470001,167.539993,169.369995,163.830383,36722800
11/29/2018,167.990005,169.259995,166.820007,168.149994,162.650253,44885700
11/28/2018,164.619995,168.699997,163.470001,168.699997,163.182281,70141000
11/27/2018,162,163.850006,161.179993,163.440002,158.09433,36608100
11/26/2018,161.440002,162.970001,160.759995,162.889999,157.562302,42012600
11/23/2018,159.089996,160.839996,159.089996,159.210007,154.002701,23503700
11/21/2018,161.350006,161.970001,159.229996,160.369995,155.124741,42965800
11/20/2018,158.369995,161.380005,157.130005,159.160004,153.954269,102652800
11/19/2018,166.699997,166.899994,161.539993,162.059998,156.75943,67280500
11/16/2018,166.449997,168.309998,165.779999,167.5,162.021515,65390700
11/15/2018,164.899994,168.539993,163.460007,168.089996,162.592255,73254300
11/14/2018,168.119995,168.699997,164.25,165.199997,159.796738,75270700
11/13/2018,167.110001,169.479996,166,166.470001,161.025238,64128100
11/12/2018,170.320007,170.639999,166.179993,166.330002,160.889786,62578400
11/9/2018,172.830002,173.25,170.160004,171.520004,165.910049,50602700
11/8/2018,174.759995,175.300003,173.630005,174.460007,168.753906,40296500
11/7/2018,172.279999,175.580002,171.869995,175.580002,169.837265,51169600
11/6/2018,168.970001,171.190002,168.720001,170.240005,164.671921,34410400
11/5/2018,169.600006,169.660004,167.080002,168.960007,163.433792,39573500
11/2/2018,171.529999,172.550003,168.220001,169.380005,163.840073,75966800
11/1/2018,170.070007,172.240005,168.779999,172.059998,166.432404,52706800
10/31/2018,168.619995,171.25,168.539993,169.820007,164.265671,73828600
10/30/2018,162.75,166.039993,162.009995,165.919998,160.493225,92584000
10/29/2018,169.210007,169.860001,160.089996,163.229996,157.891205,111871900
10/26/2018,165.199997,169.960007,164.229996,166.660004,161.209,130970900
10/25/2018,167.910004,172.080002,167.160004,171.059998,165.465118,83481100
10/24/2018,173.070007,173.360001,165.039993,165.339996,159.932144,102997400
10/23/2018,170.639999,174.130005,168.820007,173.270004,167.602844,77567000
10/22/2018,174.059998,175.25,172.589996,173.910004,168.221909,52909300
10/19/2018,174.580002,176.070007,172.389999,173.020004,167.361053,82923700
10/18/2018,176.619995,176.679993,172.440002,173.179993,167.515747,82486200
10/17/2018,178.080002,178.259995,175.470001,177.289993,171.491302,66987600
10/16/2018,174.020004,177.649994,173.699997,177.220001,171.423615,71979700
10/15/2018,173.710007,174.039993,171.559998,172.210007,166.577499,64885300
10/12/2018,174.169998,174.860001,170.929993,174.320007,168.618484,102078400
10/11/2018,171.020004,173.399994,167.809998,169.600006,164.052872,143084500
10/10/2018,178.509995,178.619995,171.5,171.729996,166.11319,114471100
10/9/2018,179.179993,181.020004,178.75,179.630005,173.754822,49097900
10/8/2018,179.520004,180.639999,176.929993,179.050003,173.193771,66864500
10/5/2018,182.360001,182.970001,178.429993,180.149994,174.257767,83325600
10/4/2018,185.199997,185.320007,181.059998,182.380005,176.414886,80557300
10/3/2018,186.529999,186.970001,185.660004,185.949997,179.868118,29128700
10/2/2018,186.009995,187.179993,185.320007,185.75,179.674637,25618600
10/1/2018,186.869995,187.529999,185.699997,186.169998,180.080887,27371300
9/28/2018,185.309998,186.279999,184.970001,185.789993,179.713333,28076800
9/27/2018,185.020004,186.490005,184.919998,185.830002,179.751999,33113300
9/26/2018,184.300003,185.990005,183.910004,184.270004,178.243027,36210600
9/25/2018,183.809998,184.279999,183.179993,184.139999,178.11731,25277500
9/24/2018,182.050003,183.960007,181.300003,183.889999,177.875458,34945600
9/21/2018,185.220001,185.479996,183.479996,183.710007,177.382172,38605400
9/20/2018,183.960007,184.970001,183.520004,184.720001,178.357376,33295800
9/19/2018,182.869995,183.300003,181.509995,182.699997,176.406952,31843400
9/18/2018,181.490005,183.729996,181.399994,182.839996,176.542114,31877300
9/17/2018,183.679993,183.809998,181.169998,181.339996,175.093765,33071200
9/14/2018,184.660004,184.949997,183.259995,183.990005,177.652512,31224100
9/13/2018,183.720001,184.880005,183.639999,184.529999,178.173904,31133200
9/12/2018,182.850006,182.979996,181.009995,182.580002,176.291061,36204000
9/11/2018,180.990005,183.419998,180.520004,183.119995,176.812454,30116500
9/10/2018,182.149994,182.25,180.729996,181.720001,175.460693,26132000
9/7/2018,180.5,182.669998,180.440002,181.110001,174.871704,46629500
9/6/2018,183.529999,183.75,180.580002,181.809998,175.547592,46091400
9/5/2018,185.520004,185.550003,182.820007,183.449997,177.131088,42623300
9/4/2018,186.080002,186.399994,184.850006,185.850006,179.448456,29063500
8/31/2018,186.179993,187.179993,185.979996,186.649994,180.220856,28653200
8/30/2018,186.380005,187.520004,185.789993,186.410004,179.989166,29315500
8/29/2018,184.929993,186.839996,184.860001,186.740005,180.307755,29175600
8/28/2018,184.830002,185.020004,184.220001,184.610001,178.251144,20277000
8/27/2018,183.399994,184.339996,183.110001,184.339996,177.990448,29343600
8/24/2018,181.399994,182.630005,181.360001,182.479996,176.194504,23136100
8/23/2018,180.740005,182.050003,180.5,180.800003,174.572403,25776200
8/22/2018,179.979996,181.270004,179.75,181.059998,174.823395,18042400
8/21/2018,180.240005,181.440002,180.130005,180.360001,174.147522,26258700
8/20/2018,180.259995,180.330002,179,179.699997,173.510284,24939000
8/17/2018,179.350006,180.309998,178.270004,179.860001,173.664734,36092600
8/16/2018,180.610001,180.990005,179.470001,179.820007,173.626175,27711800
8/15/2018,180.009995,180.580002,178.119995,179.229996,173.056458,58528000
8/14/2018,181.009995,181.660004,180.039993,181.449997,175.199982,20913000
8/13/2018,180.850006,182.009995,180.240005,180.320007,174.108917,26089200
8/10/2018,180.679993,181.220001,179.839996,180.520004,174.302032,33818500
8/9/2018,181.910004,182.630005,181.639999,181.910004,175.64418,18852900
8/8/2018,181.550003,182.350006,181.059998,182.020004,175.750381,22680700
8/7/2018,181.649994,182.139999,181.259995,181.800003,175.537918,29895700
8/6/2018,179.960007,181.190002,179.740005,181.139999,174.900681,24808800
8/3/2018,179.869995,180.089996,179.080002,180.080002,173.877182,28934400
8/2/2018,175.869995,179.740005,175.789993,179.529999,173.346161,47178200
8/1/2018,176.860001,177.649994,176.100006,177.119995,171.019104,37101900
7/31/2018,175.800003,177.130005,174.820007,176.449997,170.372223,47285100
7/30/2018,177.630005,177.729996,174.270004,175.110001,169.078354,60193000
7/27/2018,181.190002,181.309998,176.600006,177.619995,171.501923,59456100
7/26/2018,180.339996,180.919998,179.809998,180.050003,173.848221,40873500
7/25/2018,180.380005,182.929993,180.289993,182.820007,176.522812,35026600
7/24/2018,181.410004,182.050003,179.559998,180.300003,174.089645,36900300
7/23/2018,178.460007,179.639999,177.740005,179.559998,173.375092,22184700
7/20/2018,179.570007,180.169998,178.789993,178.990005,172.824707,35897300
7/19/2018,179.279999,179.880005,178.820007,179.029999,172.863358,31094100
7/18/2018,180.289993,180.440002,179.380005,179.929993,173.732346,23220800
7/17/2018,177.279999,180.649994,177.279999,180.270004,174.060638,31034100
7/16/2018,179.649994,179.949997,178.880005,179.179993,173.008163,21405300
7/13/2018,179.449997,179.899994,178.949997,179.610001,173.42337,28049800
7/12/2018,177.199997,179.460007,177.080002,179.460007,173.278549,27930100
7/11/2018,175.929993,177.070007,175.800003,176.419998,170.343246,30280600
7/10/2018,177.520004,177.720001,176.710007,177.320007,171.212265,23902500
7/9/2018,176.520004,177.229996,175.820007,177.190002,171.086777,27362100
7/6/2018,173.320007,175.740005,173,175.610001,169.561142,37005600
7/5/2018,171.910004,173.059998,171.029999,172.919998,166.963837,31626200
7/3/2018,173.449997,173.449997,170.630005,170.800003,164.91684,25512700
7/2/2018,170.039993,172.850006,169.669998,172.800003,166.847977,31770000
6/29/2018,172.009995,172.919998,171.399994,171.649994,165.737564,36408500
6/28/2018,169.520004,171.770004,169.169998,171.190002,165.293396,46407700
6/27/2018,172.800003,173.580002,169.610001,169.729996,163.883698,52843500
6/26/2018,172,173.059998,171.369995,172.070007,166.143097,39008100
6/25/2018,173.729996,173.990005,169.809998,171.369995,165.467194,77799700
6/22/2018,176.300003,176.369995,174.690002,175.320007,169.281158,30073200
6/21/2018,177.699997,177.880005,175.369995,175.710007,169.6577,43469400
6/20/2018,176.809998,177.979996,176.649994,177.25,171.144669,33038000
6/19/2018,174.270004,176.039993,173.710007,176,169.937729,38236000
6/18/2018,175.490005,176.649994,174.940002,176.5,170.420502,31633200
6/15/2018,176.929993,177.330002,176.110001,176.979996,170.519012,49615700
6/14/2018,176.630005,177.889999,176.5,177.600006,171.116348,35916000
6/13/2018,176.100006,177.139999,175.429993,175.820007,169.401337,37858600
6/12/2018,175.149994,176,174.960007,175.830002,169.41098,22511800
6/11/2018,174.309998,175.339996,174.279999,174.910004,168.524551,22319700
6/8/2018,173.610001,174.880005,173.179993,174.440002,168.071716,31780300
6/7/2018,175.889999,175.929993,173.550003,174.429993,168.062057,39600300
6/6/2018,175.020004,175.889999,174.139999,175.860001,169.439865,25036600
6/5/2018,174.710007,175.130005,174.070007,174.839996,168.457077,24779300
6/4/2018,173.179993,174.339996,173.070007,174.300003,167.936829,20459600
6/1/2018,170.919998,172.839996,170.869995,172.740005,166.433792,45543300
5/31/2018,170.179993,171.199997,169.630005,170.070007,163.861298,35670900
5/30/2018,169.580002,170.479996,169.220001,170.179993,163.967209,22665800
5/29/2018,168.949997,169.919998,167.960007,168.970001,162.801437,41220500
5/25/2018,169.529999,170.330002,169.210007,169.720001,163.524017,27460500
5/24/2018,169.550003,169.850006,167.839996,169.550003,163.360245,27696500
5/23/2018,166.899994,169.619995,166.880005,169.600006,163.408417,26557800
5/22/2018,169.169998,169.449997,167.880005,168.179993,162.040268,19477700
5/21/2018,168.759995,169.5,167.679993,168.399994,162.252213,22954600
5/18/2018,167.679993,168.259995,167.210007,167.460007,161.346542,26217900
5/17/2018,168.389999,169.610001,167.509995,168.330002,162.184769,27480200
5/16/2018,168.089996,169.369995,168.009995,168.979996,162.811066,22941200
5/15/2018,168.410004,168.5,166.979996,167.869995,161.741562,49361600
5/14/2018,169.850006,170.820007,169.470001,169.75,163.552948,21821700
5/11/2018,169.419998,169.860001,168.720001,169.460007,163.273514,24688800
5/10/2018,168.419998,169.740005,168.289993,169.619995,163.427673,27067600
5/9/2018,166.369995,168,165.779999,167.880005,161.751205,29122700
5/8/2018,165.889999,166.429993,164.860001,166.070007,160.007294,26040200
5/7/2018,165.639999,166.779999,165.509995,166.240005,160.171082,32500200
5/4/2018,161.100006,165.25,160.979996,164.869995,158.851074,41543200
5/3/2018,161,162.399994,159.220001,161.800003,155.893173,60337100
5/2/2018,163.059998,163.570007,161.630005,161.820007,155.91246,38646800
5/1/2018,160.520004,162.800003,160.139999,162.779999,156.837402,36513500
4/30/2018,162.470001,163.479996,160.539993,160.940002,155.064575,35615300
4/27/2018,164.369995,164.410004,161.169998,162.089996,156.172577,51043400
4/26/2018,160.699997,162.529999,160.179993,161.990005,156.076218,43005500
4/25/2018,158.740005,159.309998,156.470001,158.649994,152.85817,52089300
4/24/2018,162.660004,162.910004,157.389999,158.460007,152.675079,70256800
4/23/2018,163.089996,163.729996,161.020004,161.889999,155.979904,33040600
4/20/2018,164.490005,164.610001,161.729996,162.300003,156.374908,49197100
4/19/2018,165.600006,165.990005,164.339996,164.910004,158.889633,34705700
4/18/2018,166.100006,167,165.309998,166.440002,160.363724,29573900
4/17/2018,164.240005,166.460007,163.910004,166.100006,160.036194,35536100
4/16/2018,162.5,163.190002,161.479996,162.600006,156.663971,28180800
4/13/2018,163.020004,163.259995,160.669998,161.369995,155.478882,44604900
4/12/2018,161.25,162.770004,161.160004,162.210007,156.288193,30467900
4/11/2018,160.199997,162,160.100006,160.279999,154.42865,41622100
4/10/2018,160.210007,161.729996,159.070007,161.210007,155.324707,48296800
4/9/2018,157.979996,160.880005,157.460007,157.729996,151.971756,41810400
4/6/2018,158.880005,160.460007,155.880005,156.630005,150.911911,59870900
4/5/2018,161.330002,161.580002,159.479996,160.649994,154.785172,43054900
4/4/2018,154.220001,160.229996,154.039993,159.740005,153.908386,65768700
4/3/2018,156.869995,157.919998,154.440002,157.259995,151.518875,64090000
4/2/2018,158.990005,159.740005,153.880005,155.509995,149.832794,85549400
3/29/2018,158.100006,161.710007,156.630005,160.130005,154.284119,68692600
3/28/2018,158.169998,159.779999,156.039993,157.25,151.509277,89369700
3/27/2018,165.619995,165.619995,157.679993,159.080002,153.272476,78889100
3/26/2018,161.720001,164.600006,159.160004,164.399994,158.398209,57481500
3/23/2018,162.610001,163.300003,158.429993,158.509995,152.723221,80110400
3/22/2018,164.610001,165.770004,162.589996,162.800003,156.856689,66607300
3/21/2018,167.210007,168.759995,166.190002,166.919998,160.826294,43863500
3/20/2018,167.169998,168.039993,166.610001,167.649994,161.529587,34075700
3/19/2018,169.100006,169.220001,165.639999,167.100006,160.99971,71395100
3/16/2018,171.820007,172.199997,170.940002,171.020004,164.509659,31176700
3/15/2018,171.800003,172.529999,170.899994,171.529999,165.000259,28810400
3/14/2018,172.610001,172.740005,170.929993,171.679993,165.144562,40536400
3/13/2018,174.479996,175.210007,171.270004,171.710007,165.173447,55638900
3/12/2018,173.669998,174.479996,173.279999,174.080002,167.453201,37635000
3/9/2018,171.070007,173.160004,170.820007,173.160004,166.568237,38310500
3/8/2018,169.630005,169.979996,168.949997,169.860001,163.393875,25828400
3/7/2018,167.25,169.070007,166.960007,168.929993,162.499207,34609400
3/6/2018,168.649994,169.110001,167.479996,168.539993,162.124069,29480900
3/5/2018,165.210007,168.259995,164.589996,167.830002,161.441101,38540200
3/2/2018,162.5,166.279999,161.960007,165.990005,159.671204,57445100
3/1/2018,167.300003,168.070007,163,164.479996,158.218643,76809900
2/28/2018,169.25,169.800003,167.100006,167.210007,160.844742,42936300
2/27/2018,170.449997,170.729996,168.210007,168.289993,161.883606,42209900
2/26/2018,168.960007,170.399994,168.820007,170.399994,163.913269,39266700
2/23/2018,166.130005,168.169998,165.449997,168.169998,161.768143,50096900
2/22/2018,165.539993,166.419998,164.380005,164.800003,158.526474,37074400
2/21/2018,166.100006,167.720001,164.720001,164.820007,158.545715,41161800
2/20/2018,164.380005,166.679993,164.309998,165.289993,158.997787,36785600
2/16/2018,165.160004,166.759995,164.679993,164.960007,158.680344,62256300
2/15/2018,164.139999,165.699997,162.440002,165.699997,159.392181,51633900
2/14/2018,158.75,162.929993,158,162.679993,156.487152,52107400
2/13/2018,157.960007,160.009995,157.720001,159.690002,153.611008,31785600
2/12/2018,157.699997,159.949997,156.460007,158.869995,152.822189,63050600
2/9/2018,155.619995,157.240005,150.130005,156.100006,150.157654,113836600
2/8/2018,160.619995,160.800003,153.449997,153.449997,147.608536,94184800
2/7/2018,161.789993,163.550003,160.199997,160.210007,154.111191,91028300
2/6/2018,155.809998,162.509995,155.100006,162.309998,156.131256,118537900
2/5/2018,163.070007,165.75,158,158.119995,152.100769,105372200
2/2/2018,167.300003,167.699997,164.470001,164.610001,158.343704,68478100
2/1/2018,168.100006,169.729996,167.419998,167.960007,161.566147,38037900
1/31/2018,169.649994,169.990005,168.339996,169.399994,162.951324,42449200
1/30/2018,168.550003,169.419998,167.820007,168.699997,162.278,44987700
1/29/2018,170.570007,170.910004,169.740005,170.100006,163.624695,37277800
1/26/2018,169.289993,170.949997,168.960007,170.929993,164.423111,32038200
1/25/2018,169.570007,169.630005,167.809998,168.350006,161.941345,28925000
1/24/2018,169.869995,170.240005,167.440002,168.410004,161.999039,54287400
1/23/2018,168.639999,169.660004,168.559998,169.509995,163.057144,37989700
1/22/2018,166.279999,168.119995,166.089996,168.119995,161.720078,26081400
1/19/2018,166.309998,166.610001,165.539993,166.339996,160.007828,38937600
1/18/2018,165.529999,166.199997,165.139999,165.820007,159.507675,26432200
1/17/2018,164.800003,166.039993,164,165.789993,159.47876,33849900
1/16/2018,165.580002,166.419998,163.529999,164.020004,157.776138,41231800
1/12/2018,163.149994,164.660004,162.940002,164.490005,158.228256,37762700
1/11/2018,162.460007,163.300003,162.210007,163.289993,157.073944,20473500
1/10/2018,161.839996,162.210007,161.119995,162.179993,156.006226,34004000
1/9/2018,162.869995,163.039993,162.070007,162.559998,156.371735,24782400
1/8/2018,161.919998,162.630005,161.860001,162.550003,156.362106,23159100
1/5/2018,161.070007,162.029999,160.770004,161.919998,155.756104,26992300
1/4/2018,160.580002,160.789993,160.080002,160.309998,154.207382,24776100
1/3/2018,158.639999,160.169998,158.610001,160.029999,153.938004,29383600
1/2/2018,156.559998,158.529999,156.169998,158.490005,152.456665,32573300
12/29/2017,156.869995,156.899994,155.699997,155.759995,149.830536,33186000
12/28/2017,157.039993,157.070007,156.539993,156.729996,150.763702,25393800
12/27/2017,156.529999,156.960007,156.389999,156.539993,150.580856,22388200
12/26/2017,156.490005,156.720001,155.949997,156.520004,150.561661,21918700
12/22/2017,157.309998,157.429993,156.949997,157.369995,151.379303,23330400
12/21/2017,157.75,158.25,157.369995,157.550003,151.55246,18638700
12/20/2017,158.25,158.279999,156.910004,157.529999,151.533203,38972600
12/19/2017,158.339996,158.5,157.259995,157.699997,151.696762,31415000
12/18/2017,158.360001,158.770004,158.070007,158.639999,152.600998,26844500
12/15/2017,156.490005,157.820007,156.229996,157.649994,151.33223,49816200
12/14/2017,156.259995,156.660004,155.710007,155.880005,149.633118,24594700
12/13/2017,156.320007,156.490005,155.759995,155.990005,149.738724,24418500
12/12/2017,155.830002,156.149994,155.360001,155.690002,149.450714,20310300
12/11/2017,154.770004,155.949997,154.759995,155.899994,149.652283,20821500
12/8/2017,155.149994,155.529999,154.460007,154.699997,148.500366,28081700
12/7/2017,153.490005,154.460007,153.330002,154.020004,147.847641,32666200
12/6/2017,152.240005,153.740005,152.059998,153.5,147.348511,28647800
12/5/2017,152.679993,154.550003,152.100006,152.809998,146.686096,40604200
12/4/2017,155.460007,155.630005,152.559998,152.710007,146.590149,51319100
12/1/2017,154.199997,155.240005,152.259995,154.490005,148.298843,59015800
11/30/2017,154.509995,155.449997,154.149994,155.149994,148.932388,56595500
11/29/2017,156.410004,156.449997,153.119995,153.860001,147.694031,71986300
11/28/2017,156.539993,156.690002,155.699997,156.589996,150.314621,25227300
11/27/2017,156.210007,156.559998,155.830002,156.190002,149.93071,22653400
11/24/2017,155.850006,156.309998,155.759995,156.259995,149.997864,8280600
11/22/2017,155.639999,155.839996,155.339996,155.690002,149.450714,17299000
11/21/2017,154.559998,155.570007,154.490005,155.5,149.268295,20147800
11/20/2017,154.059998,154.199997,153.610001,153.830002,147.665268,21143900
11/17/2017,154.580002,154.690002,153.800003,153.949997,147.780441,28725800
11/16/2017,153.360001,154.889999,153.330002,154.539993,148.346802,34790600
11/15/2017,152.649994,153,151.779999,152.589996,146.47493,24808000
11/14/2017,153.330002,153.5,152.570007,153.309998,147.166107,25173800
11/13/2017,153.100006,154.070007,153.100006,153.869995,147.703644,12522400
11/10/2017,153.330002,153.800003,153.059998,153.679993,147.521225,20150800
11/9/2017,153.229996,153.770004,152.110001,153.690002,147.530899,40594500
11/8/2017,153.800003,154.539993,153.619995,154.5,148.308395,17373500
11/7/2017,153.669998,154.080002,153.339996,153.880005,147.713272,21333100
11/6/2017,153.149994,153.850006,153.100006,153.789993,147.626831,28693900
11/3/2017,152.360001,153.289993,151.839996,153.270004,147.127716,26199200
11/2/2017,151.929993,151.990005,150.770004,151.809998,145.726181,31017400
11/1/2017,152.759995,152.830002,151.5,152.100006,146.004562,29481600
10/31/2017,152.070007,152.369995,151.630005,152.149994,146.052567,26319300
10/30/2017,151.130005,152.190002,150.990005,151.580002,145.505432,31733400
10/27/2017,149.429993,151.520004,149.199997,151.240005,145.179062,60165100
10/26/2017,147.339996,147.710007,146.919998,146.960007,141.070587,28230200
10/25/2017,147.699997,148.179993,146.330002,147.429993,141.521729,36179100
10/24/2017,148.029999,148.300003,147.440002,147.990005,142.059311,20289500
10/23/2017,149.020004,149.029999,147.529999,147.740005,141.81929,29297100
10/20/2017,148.910004,149.039993,148.529999,148.710007,142.750458,30173300
10/19/2017,147.990005,148.330002,147.270004,148.309998,142.36647,27680300
10/18/2017,149.190002,149.210007,148.639999,148.860001,142.894424,17218200
10/17/2017,148.800003,149.059998,148.570007,149.039993,143.067215,13138200
10/16/2017,148.710007,148.889999,148.389999,148.850006,142.884842,21809400
10/13/2017,148.369995,148.509995,147.779999,148.339996,142.395279,18409900
10/12/2017,147.820007,148.350006,147.619995,147.770004,141.848114,14513500
10/11/2017,147.529999,148.070007,147.339996,148.039993,142.107269,12439100
10/10/2017,147.990005,148.139999,146.949997,147.600006,141.684906,19223100
10/9/2017,147.850006,148.009995,147.300003,147.490005,141.579376,13704800
10/6/2017,146.960007,147.660004,146.960007,147.660004,141.742523,23561100
10/5/2017,146.559998,147.539993,146.410004,147.460007,141.550522,31562400
10/4/2017,145.610001,146.339996,145.470001,146.029999,140.177841,26381100
10/3/2017,145.770004,146.059998,145.449997,145.889999,140.043457,19715200
10/2/2017,145.669998,146.169998,144.929993,145.580002,139.74588,27351300
9/29/2017,144.699997,145.559998,144.320007,145.449997,139.621033,43102400
9/28/2017,144.110001,144.559998,143.779999,144.410004,138.622787,24149400
9/27/2017,143.929993,145,143.570007,144.460007,138.670715,33249400
9/26/2017,143.529999,143.800003,142.669998,143.169998,137.432434,29628800
9/25/2017,143.75,143.830002,142.100006,142.800003,137.077301,54947700
9/22/2017,144,144.529999,143.850006,144.320007,138.536377,21702400
9/21/2017,145.25,145.259995,143.949997,144.460007,138.670715,28841800
9/20/2017,145.75,145.910004,144.229996,145.350006,139.525116,34236200
9/19/2017,145.809998,146.009995,145.309998,145.800003,139.957031,20871200
9/18/2017,145.910004,146.369995,145.110001,145.550003,139.717102,24858200
9/15/2017,145.529999,146.589996,145.289993,146.059998,139.900421,46422400
9/14/2017,145.850006,146.289993,145.470001,145.559998,139.421539,35296400
9/13/2017,145.970001,146.440002,145.729996,146.419998,140.245239,28450900
9/12/2017,146.279999,146.410004,145.529999,146.220001,140.053726,30256700
9/11/2017,145.339996,146.119995,145.300003,145.869995,139.71846,27126300
9/8/2017,145.279999,145.350006,144.059998,144.210007,138.128464,27890100
9/7/2017,145.399994,145.839996,144.940002,145.470001,139.335327,22721100
9/6/2017,145.059998,145.460007,144.080002,145.130005,139.009613,30722700
9/5/2017,145.570007,145.880005,143.600006,144.690002,138.588181,44794300
9/1/2017,146.389999,146.589996,145.610001,146,139.842972,22293600
8/31/2017,145.059998,146.210007,144.979996,146.199997,140.034485,38480700
8/30/2017,143.089996,144.889999,143,144.649994,138.549866,33642700
8/29/2017,141.190002,143.210007,141.059998,142.970001,136.94075,24498300
8/28/2017,142.399994,142.740005,141.949997,142.410004,136.404358,15362100
8/25/2017,142.820007,143.179993,141.779999,141.970001,135.982895,26380400
8/24/2017,143.009995,143.169998,141.470001,142.270004,136.270294,38160800
8/23/2017,142.479996,143.009995,142.380005,142.690002,136.672531,25702300
8/22/2017,141.809998,143.350006,141.759995,143.199997,137.161026,36294200
8/21/2017,141.220001,141.529999,140.179993,141.050003,135.101715,37111500
8/18/2017,141.410004,142.199997,140.649994,141.229996,135.274094,60751900
8/17/2017,143.720001,143.940002,141.330002,141.330002,135.369919,70191000
8/16/2017,144.389999,144.960007,143.800003,144.279999,138.195496,31913000
8/15/2017,144.289993,144.300003,143.639999,144.029999,137.956039,25509200
8/14/2017,143.229996,144.149994,143.190002,143.929993,137.860245,34161000
8/11/2017,141.220001,142.410004,140.899994,142.100006,136.107452,45862500
8/10/2017,143.300003,143.399994,140.889999,141.029999,135.082581,63331700
8/9/2017,143.119995,144.190002,142.789993,144.119995,138.042267,36169500
8/8/2017,144.279999,145.470001,143.899994,144.309998,138.224213,30810400
8/7/2017,143.910004,144.559998,143.710007,144.559998,138.463669,17933900
8/4/2017,143.710007,143.970001,143.059998,143.649994,137.592072,29472900
8/3/2017,144.089996,144.169998,143.130005,143.389999,137.343018,27112800
8/2/2017,144.490005,144.520004,142.610001,143.949997,137.879395,41769700
8/1/2017,143.720001,143.759995,143.119995,143.559998,137.505844,20149400
7/31/2017,144.25,144.429993,142.919998,143.229996,137.189774,33848600
7/28/2017,143.100006,144.080002,142.869995,143.839996,137.774033,38013200
7/27/2017,145.820007,145.960007,142.300003,143.960007,137.888977,80665900
7/26/2017,144.759995,144.949997,144.529999,144.869995,138.760605,18610600
7/25/2017,144.289993,144.740005,144.009995,144.399994,138.31044,28120900
7/24/2017,144.089996,144.869995,143.919998,144.770004,138.664856,26712700
7/21/2017,143.639999,144.110001,143.350006,144.110001,138.032639,39697100
7/20/2017,144.350006,144.440002,143.520004,144.169998,138.090073,36139400
7/19/2017,143.559998,144.190002,143.5,143.979996,137.908142,33752300
7/18/2017,142.089996,143.169998,141.639999,143.139999,137.103577,25748500
7/17/2017,142.270004,142.690002,141.919998,142.190002,136.193604,25343200
7/14/2017,141.639999,142.300003,141.190002,142.119995,136.126541,34544800
7/13/2017,140.869995,141.350006,140.600006,141.009995,135.063324,31073600
7/12/2017,140.240005,140.860001,139.960007,140.699997,134.766464,36045800
7/11/2017,138.460007,139.220001,137.940002,139.050003,133.18605,31517700
7/10/2017,137.850006,138.990005,137.5,138.660004,132.812531,24853500
7/7/2017,136.75,138.130005,136.740005,137.759995,131.950439,36970400
7/6/2017,136.479996,137.059998,135.800003,136.289993,130.542419,48430500
7/5/2017,136.619995,137.899994,136.160004,137.529999,131.730148,42116600
7/3/2017,138.270004,138.429993,136.100006,136.190002,130.44664,32797000
6/30/2017,137.979996,138.669998,137.190002,137.639999,131.835526,68898300
6/29/2017,139.440002,139.440002,136.25,137.589996,131.787613,88769400
6/28/2017,138.539993,140.139999,137.740005,140.020004,134.115112,57427200
6/27/2017,140.050003,140.220001,138.020004,138.029999,132.209045,65957800
6/26/2017,142.050003,142.289993,140.270004,140.580002,134.65155,34411100
6/23/2017,140.539993,141.419998,140.149994,141.240005,135.283722,21654300
6/22/2017,140.960007,141.220001,140.339996,140.699997,134.766464,24099100
6/21/2017,139.679993,140.809998,139.589996,140.740005,134.804779,35743400
6/20/2017,140.320007,140.5,139.309998,139.360001,133.483002,40935100
6/19/2017,139.490005,140.589996,139.279999,140.460007,134.536591,39626500
6/16/2017,138.679993,138.779999,137.639999,138.149994,132.32399,48087400
6/15/2017,138.339996,139.279999,137.490005,139.130005,132.90062,55145200
6/14/2017,140.929993,140.929993,138.619995,139.75,133.492813,60093800
6/13/2017,140.009995,140.559998,139.279999,140.360001,134.075577,51193000
6/12/2017,138.800003,139.479996,137.470001,139.229996,132.996185,104454000
6/9/2017,143.740005,143.899994,138.110001,139.979996,133.712601,109783700
6/8/2017,143.740005,143.800003,142.789993,143.570007,137.141815,25417400
6/7/2017,143.259995,143.539993,142.600006,143.419998,136.99852,18842400
6/6/2017,143.259995,143.729996,142.649994,142.860001,136.463577,22393000
6/5/2017,143.449997,143.679993,143.229996,143.429993,137.008072,15727500
6/2/2017,142.339996,143.490005,142.110001,143.460007,137.036697,37222900
6/1/2017,141.580002,141.899994,140.979996,141.839996,135.489288,20120700
5/31/2017,141.839996,141.839996,140.570007,141.289993,134.963898,33229400
5/30/2017,141.149994,141.509995,141.059998,141.339996,135.011658,20306400
5/26/2017,141,141.279999,140.809998,141.220001,134.897003,13851600
5/25/2017,140.309998,141.330002,140.009995,140.970001,134.658249,23928600
5/24/2017,139.559998,139.850006,139.169998,139.779999,133.52153,15891900
5/23/2017,139.410004,139.419998,138.779999,139.139999,132.910141,19687500
5/22/2017,138.149994,139.070007,138.100006,139,132.776443,19509700
5/19/2017,137.75,138.419998,137.660004,137.839996,131.668365,36730100
5/18/2017,136.020004,137.720001,135.869995,137.259995,131.114334,41319900
5/17/2017,138.509995,138.770004,136.050003,136.070007,129.977631,55642200
5/16/2017,139.399994,139.639999,138.990005,139.619995,133.368668,21786000
5/15/2017,138.660004,139.119995,138.529999,139.039993,132.814636,20481300
5/12/2017,138.350006,138.630005,138.229996,138.600006,132.394363,19738600
5/11/2017,138.020004,138.330002,137.380005,138.289993,132.098221,27232100
5/10/2017,138.399994,138.449997,137.910004,138.399994,132.203308,20499400
5/9/2017,138.050003,138.630005,137.929993,138.320007,132.126892,28426100
5/8/2017,137.610001,137.839996,137.330002,137.839996,131.668365,13279900
5/5/2017,137.389999,137.539993,136.880005,137.539993,131.381805,19330700
5/4/2017,136.970001,137.429993,136.559998,137.039993,130.904205,14630100
5/3/2017,137.119995,137.169998,136.619995,136.990005,130.856461,23827600
5/2/2017,137.369995,137.490005,137.020004,137.429993,131.276718,18345100
5/1/2017,136.440002,137.380005,136.380005,137.199997,131.057037,24815500
4/28/2017,136.289993,136.339996,135.770004,135.990005,129.901215,22771900
4/27/2017,135.270004,135.75,135.190002,135.75,129.671921,16136500
4/26/2017,135.179993,135.509995,134.860001,134.940002,128.898209,25398500
4/25/2017,134.600006,135.369995,134.479996,135.130005,129.079712,19384400
4/24/2017,134.029999,134.289993,133.800003,134.160004,128.153137,22469900
4/21/2017,132.710007,132.759995,132.220001,132.559998,126.624786,22454900
4/20/2017,132.020004,132.880005,131.820007,132.589996,126.65345,21977900
4/19/2017,131.850006,132.289993,131.309998,131.490005,125.602707,17764800
4/18/2017,131.039993,131.660004,130.949997,131.279999,125.402061,12841100
4/17/2017,130.770004,131.5,130.720001,131.479996,125.593117,13325500
4/13/2017,130.740005,131.509995,130.380005,130.399994,124.561485,23683000
4/12/2017,131.429993,131.539993,130.779999,130.919998,125.058205,15955200
4/11/2017,131.899994,132.100006,130.5,131.449997,125.564484,33778400
4/10/2017,132.100006,132.570007,131.660004,132.020004,126.108963,15619300
4/7/2017,132,132.369995,131.5,131.970001,126.06118,16743100
4/6/2017,132.100006,132.389999,131.699997,132.039993,126.128014,18832200
4/5/2017,132.699997,133.479996,131.720001,131.970001,126.06118,32011200
4/4/2017,131.919998,132.529999,131.869995,132.509995,126.577003,13400000
4/3/2017,132.490005,132.809998,131.559998,132.300003,126.376419,23700300
3/31/2017,132.279999,132.740005,132.130005,132.380005,126.452835,19841400
3/30/2017,132.199997,132.610001,132.080002,132.470001,126.538818,16092400
3/29/2017,131.729996,132.300003,131.589996,132.25,126.328667,13710000
3/28/2017,130.839996,132.029999,130.550003,131.639999,125.745979,23721900
3/27/2017,129.699997,131.070007,129.399994,130.839996,124.981804,18472400
3/24/2017,130.779999,131.289993,130.130005,130.630005,124.781181,22967600
3/23/2017,130.520004,130.880005,130.139999,130.360001,124.523254,20311700
3/22/2017,129.850006,130.820007,129.679993,130.690002,124.838486,29177900
3/21/2017,132.309998,132.429993,129.729996,129.809998,123.997902,35841900
3/20/2017,131.649994,132.110001,131.460007,131.809998,125.908379,10105200
3/17/2017,131.899994,132.039993,131.619995,131.690002,125.793716,21234500
3/16/2017,132.350006,132.350006,131.710007,132.009995,125.837692,18457300
3/15/2017,131.559998,132.410004,131.139999,132.100006,125.923462,22709100
3/14/2017,131.309998,131.360001,130.759995,131.289993,125.151337,14019700
3/13/2017,131.339996,131.639999,131.270004,131.610001,125.45639,10731600
3/10/2017,131.440002,131.600006,130.820007,131.389999,125.246613,21922600
3/9/2017,130.710007,131.020004,130.139999,130.839996,124.722382,20855300
3/8/2017,130.589996,131.149994,130.460007,130.740005,124.627037,15776000
3/7/2017,130.470001,131.080002,130.279999,130.509995,124.407791,15500900
3/6/2017,130.589996,130.949997,130.210007,130.729996,124.6175,12026200
3/3/2017,130.690002,131.059998,130.339996,131.020004,124.893967,13722700
3/2/2017,131.410004,131.429993,130.619995,130.779999,124.665184,19951400
3/1/2017,130.850006,131.679993,130.600006,131.440002,125.294327,25813800
2/28/2017,130.389999,130.449997,129.660004,130.020004,123.940712,16598600
2/27/2017,130.020004,130.429993,129.800003,130.419998,124.321991,12008700
2/24/2017,129.419998,130.259995,129.380005,130.259995,124.169502,18624500
2/23/2017,130.699997,130.699997,129.490005,130.009995,123.93119,17489000
2/22/2017,130.330002,130.589996,130.110001,130.5,124.398277,12110900
2/21/2017,130.059998,130.529999,129.990005,130.449997,124.350609,18479600
2/17/2017,129.059998,129.820007,129.039993,129.809998,123.740524,15563700
2/16/2017,129.369995,129.630005,128.919998,129.25,123.206711,15098300
2/15/2017,128.440002,129.350006,128.369995,129.289993,123.244858,17891400
2/14/2017,128.149994,128.539993,127.739998,128.529999,122.520378,16333500
2/13/2017,127.769997,128.259995,127.720001,128.100006,122.110497,19120200
2/10/2017,127.239998,127.559998,127.019997,127.379997,121.424149,13915700
2/9/2017,126.629997,127.239998,126.559998,126.959999,121.023796,17542700
2/8/2017,126.120003,126.68,125.879997,126.5,120.58532,12569100
2/7/2017,126.089996,126.550003,125.970001,126.290001,120.385139,17541100
2/6/2017,125.470001,125.849998,125.349998,125.830002,119.946625,11630100
2/3/2017,125.449997,125.809998,125.330002,125.68,119.803619,16957200
2/2/2017,125.209999,125.699997,124.860001,125.32,119.460457,15101400
2/1/2017,125.449997,125.68,124.860001,125.43,119.565315,22861900
1/31/2017,124.379997,124.599998,123.849998,124.57,118.745537,19091100
1/30/2017,125.379997,125.379997,124.129997,124.82,118.983856,25006700
1/27/2017,125.830002,125.919998,125.389999,125.800003,119.918022,15053000
1/26/2017,125.599998,125.82,125.339996,125.559998,119.689262,16052200
1/25/2017,124.959999,125.459999,124.849998,125.43,119.565315,15036200
1/24/2017,123.589996,124.370003,123.379997,124.18,118.373756,17640900
1/23/2017,123.169998,123.529999,122.57,123.349998,117.582596,17434200
1/20/2017,123.519997,123.830002,122.919998,123.25,117.487251,22091000
1/19/2017,123.220001,123.650002,122.720001,122.980003,117.229866,12710700
1/18/2017,122.970001,123.160004,122.660004,123.040001,117.287064,12499700
1/17/2017,122.839996,123.029999,122.43,122.790001,117.048775,14538500
1/13/2017,122.800003,123.370003,122.800003,123.160004,117.401466,16930800
1/12/2017,122.489998,122.82,121.599998,122.739998,117.001114,19622500
1/11/2017,122.650002,122.93,122.019997,122.93,117.18222,20686000
1/10/2017,122.379997,122.970001,122.099998,122.599998,116.867645,16176600
1/9/2017,122.029999,122.550003,121.949997,122.330002,116.610268,18909200
1/6/2017,121,122.25,120.690002,121.93,116.228966,24074300
1/5/2017,120.099998,120.949997,120.099998,120.870003,115.218536,20644300
1/4/2017,119.669998,120.410004,119.660004,120.190002,114.57032,19749100
1/3/2017,119.269997,119.989998,118.889999,119.540001,113.950699,22307600
12/30/2016,119.940002,119.949997,118.139999,118.480003,112.9403,41749000
12/29/2016,119.849998,120.129997,119.330002,119.709999,114.112755,13267500
12/28/2016,121.080002,121.190002,119.800003,119.879997,114.274826,17975200
12/27/2016,120.459999,121.519997,120.410004,120.82,115.170883,16110600
12/23/2016,119.919998,120.25,119.809998,120.199997,114.579857,9007500
12/22/2016,120.470001,120.5,119.650002,120.120003,114.503609,16645000
12/21/2016,120.599998,120.68,120.190002,120.459999,114.827736,7079300
12/20/2016,120.470001,120.769997,120.330002,120.550003,114.913513,11461800
12/19/2016,119.720001,120.830002,119.550003,120.089996,114.474998,21138700
12/16/2016,120.339996,120.580002,119.360001,119.599998,114.007904,26283900
12/15/2016,120.370003,121.110001,120.080002,120.400002,114.432114,22762300
12/14/2016,120.610001,121,119.860001,120.209999,114.251541,28746000
12/13/2016,119.32,121.110001,119.32,120.459999,114.489166,54477900
12/12/2016,118.970001,119.209999,118.470001,118.959999,113.063484,23259300
12/9/2016,119.010002,119.540001,119,119.5,113.576721,21863100
12/8/2016,118.410004,118.870003,118.18,118.57,112.69281,18578400
12/7/2016,116.639999,118.510002,116.290001,118.360001,112.493225,26622400
12/6/2016,116.93,117.080002,116.389999,116.879997,111.086594,27293300
12/5/2016,116.300003,117.059998,115.769997,116.599998,110.820457,21419700
12/2/2016,115.540001,116.160004,115.220001,115.699997,109.96508,32876800
12/1/2016,117.459999,117.470001,115.290001,115.470001,109.746475,39796600
11/30/2016,119.089996,119.129997,117.459999,117.5,111.67585,30405300
11/29/2016,118.639999,119.510002,118.300003,118.940002,113.044487,18553000
11/28/2016,118.650002,119.080002,118.410004,118.529999,112.654793,13479000
11/25/2016,118.559998,118.849998,118.419998,118.800003,112.91143,7162800
11/23/2016,118.510002,118.639999,117.900002,118.419998,112.55024,22926000
11/22/2016,119.010002,119.190002,118.610001,118.900002,113.006447,18850600
11/21/2016,117.610001,118.650002,117.57,118.540001,112.664307,20268500
11/18/2016,117.900002,118.099998,117.209999,117.32,111.504745,16428700
11/17/2016,116.849998,117.779999,116.610001,117.760002,111.922958,20598600
11/16/2016,115.669998,116.989998,115.669998,116.910004,111.115097,16538100
11/15/2016,115.5,116.620003,115.330002,116.220001,110.459312,31796600
11/14/2016,115.830002,115.940002,114.029999,114.629997,108.948105,35906000
11/11/2016,115.25,116.050003,114.839996,115.800003,110.060104,41115200
11/10/2016,118.220001,118.379997,114.199997,115.75,110.012596,72825400
11/9/2016,115.739998,117.839996,115.599998,117.650002,111.818413,70234400
11/8/2016,116.230003,117.639999,115.959999,117.110001,111.305176,20777900
11/7/2016,115.489998,116.470001,115.300003,116.349998,110.582863,26591200
11/4/2016,113.769997,114.540001,113.449997,113.650002,108.01667,26997500
11/3/2016,114.989998,115.370003,113.919998,114.050003,108.396873,36205200
11/2/2016,116.029999,116.300003,114.889999,115.18,109.47084,26960100
11/1/2016,117.190002,117.209999,115.099998,116.110001,110.354759,23498700
10/31/2016,117.529999,117.529999,116.93,116.989998,111.191147,18749400
10/28/2016,117.5,118.110001,116.739998,117.099998,111.295677,35369300
10/27/2016,118.889999,118.989998,117.669998,117.839996,111.999001,19099800
10/26/2016,118.419998,119.029999,118.029999,118.379997,112.512238,20463700
10/25/2016,119.639999,119.660004,119.010002,119.190002,113.282082,20341800
10/24/2016,118.910004,119.650002,118.889999,119.57,113.643242,19143000
10/21/2016,117.800003,118.220001,117.410004,118.150002,112.29364,15707800
10/20/2016,117.730003,117.970001,117.029999,117.709999,111.875427,18132200
10/19/2016,117.769997,118.019997,117.639999,117.849998,112.008492,13702900
10/18/2016,118.209999,118.410004,117.800003,117.860001,112.018021,19276700
10/17/2016,117.040001,117.300003,116.669998,116.82,111.029549,14182700
10/14/2016,117.580002,118.050003,117.07,117.139999,111.333717,21313300
10/13/2016,116.620003,117.32,115.940002,117,111.200638,22821000
10/12/2016,117.629997,117.82,117.059998,117.419998,111.599823,14267800
10/11/2016,119.120003,119.139999,117,117.519997,111.694878,27774400
10/10/2016,119.080002,119.480003,119.029999,119.220001,113.310608,19687300
10/7/2016,118.839996,119.010002,117.889999,118.470001,112.597778,19984200
10/6/2016,118.639999,118.980003,118.150002,118.730003,112.844879,11987100
10/5/2016,118.720001,119.169998,118.669998,118.790001,112.901909,14481300
10/4/2016,118.900002,119.160004,117.919998,118.370003,112.502739,21239700
10/3/2016,118.57,118.699997,118.089996,118.550003,112.67382,19216400
9/30/2016,118.150002,119.07,118.029999,118.720001,112.835381,25543200
9/29/2016,118.5,118.720001,117.330002,117.839996,111.999001,27207500
9/28/2016,118.650002,118.769997,118.089996,118.699997,112.816376,14794300
9/27/2016,117.260002,118.559998,117.150002,118.5,112.626289,20238400
9/26/2016,117.660004,117.800003,117.169998,117.339996,111.523788,16403900
9/23/2016,119,119,118.160004,118.330002,112.464706,22213400
9/22/2016,118.839996,119.220001,118.720001,119.089996,113.187042,22614400
9/21/2016,117.5,118.32,116.809998,118.150002,112.29364,31546800
9/20/2016,117.199997,117.480003,116.800003,117,111.200638,18078600
9/19/2016,117.589996,117.949997,116.550003,116.779999,110.991539,16222900
9/16/2016,117.220001,117.410004,116.709999,117.290001,111.476257,27596500
9/15/2016,115.870003,117.82,115.860001,117.639999,111.529488,38521400
9/14/2016,115.410004,116.470001,115.379997,115.839996,109.82299,28221800
9/13/2016,115.75,116.089996,114.730003,115.290001,109.301552,45863900
9/12/2016,113.639999,116.489998,113.629997,116.330002,110.287529,39646000
9/9/2016,116.25,116.510002,114.260002,114.279999,108.344032,50813300
9/8/2016,117.57,117.599998,116.919998,117.230003,111.140762,20125300
9/7/2016,117.959999,118.120003,117.470001,117.919998,111.794937,17546900
9/6/2016,117.32,117.849998,117.059998,117.849998,111.728577,18525200
9/2/2016,117.32,117.559998,116.68,117.120003,111.036522,18088200
9/1/2016,116.480003,116.879997,115.910004,116.739998,110.676239,20944700
8/31/2016,116.379997,116.559998,115.949997,116.440002,110.39183,16169800
8/30/2016,116.75,117.089996,116.160004,116.559998,110.505585,19843300
8/29/2016,116.809998,117.25,116.790001,116.940002,110.865837,11184900
8/26/2016,116.650002,117.540001,116.080002,116.779999,110.714165,23896000
8/25/2016,116.5,116.970001,116.360001,116.610001,110.552994,24266300
8/24/2016,117.480003,117.639999,116.410004,116.800003,110.733124,17728700
8/23/2016,117.809998,118.010002,117.510002,117.559998,111.453644,11997900
8/22/2016,117.089996,117.550003,116.870003,117.349998,111.254539,14500600
8/19/2016,117.080002,117.519997,116.760002,117.260002,111.169235,18743000
8/18/2016,117.150002,117.459999,116.949997,117.290001,111.197647,10036300
8/17/2016,117.080002,117.300003,116.43,117.260002,111.169235,15980300
8/16/2016,117.480003,117.489998,117.029999,117.050003,110.970131,14161400
8/15/2016,117.349998,117.970001,117.309998,117.699997,111.58638,11777800
8/12/2016,116.919998,117.209999,116.790001,117.199997,111.112343,19379000
8/11/2016,117.019997,117.370003,116.779999,117.120003,111.036522,12969800
8/10/2016,116.989998,117.019997,116.309998,116.620003,110.562462,14688400
8/9/2016,116.739998,117.290001,116.669998,116.919998,110.846893,13276500
8/8/2016,116.839996,116.870003,116.279999,116.650002,110.590919,12358200
8/5/2016,116.260002,117.040001,116.129997,116.779999,110.714165,23196600
8/4/2016,115.300003,115.779999,115.029999,115.669998,109.661812,12835300
8/3/2016,114.870003,115.349998,114.800003,115.339996,109.348953,15011300
8/2/2016,115.669998,115.769997,114.220001,114.959999,108.988678,21278400
8/1/2016,115.309998,116.129997,115.169998,115.839996,109.82299,13990100
7/29/2016,115.239998,115.540001,114.870003,115.230003,109.244667,22385300
7/28/2016,114.760002,115.110001,114.400002,114.980003,109.00766,16939700
7/27/2016,114.75,114.879997,114.099998,114.580002,108.628426,27646100
7/26/2016,113.620003,114.199997,113.220001,113.790001,107.879478,21223800
7/25/2016,113.559998,113.690002,113.279999,113.660004,107.75621,12968100
7/22/2016,113.260002,113.779999,112.910004,113.650002,107.746727,20003400
7/21/2016,113.519997,113.739998,112.870003,113.18,107.301163,18885400
7/20/2016,112.739998,113.650002,112.599998,113.440002,107.547615,24997900
7/19/2016,112.150002,112.480003,111.93,112.129997,106.305687,18936700
7/18/2016,111.870003,112.739998,111.849998,112.540001,106.694389,20713900
7/15/2016,112.239998,112.300003,111.550003,111.800003,105.992836,17999300
7/14/2016,111.959999,112.190002,111.699997,111.980003,106.163483,20871000
7/13/2016,111.75,111.82,111.209999,111.220001,105.442963,21107800
7/12/2016,111.610001,111.790001,111.339996,111.489998,105.698921,21906100
7/11/2016,110.669998,111.339996,110.660004,110.93,105.16803,20218500
7/8/2016,109.199997,110.360001,109.019997,110.300003,104.57074,29457900
7/7/2016,108.400002,108.860001,108.110001,108.620003,102.977997,19161700
7/6/2016,106.910004,108.349998,106.57,108.300003,102.674629,24579300
7/5/2016,107.510002,107.660004,106.839996,107.419998,101.840347,21167900
7/1/2016,107.489998,108.480003,107.449997,108.080002,102.466049,19902800
6/30/2016,106.489998,107.610001,106.129997,107.540001,101.954109,36300800
6/29/2016,105.279999,106.529999,105.230003,106.309998,100.787994,31356700
6/28/2016,103.349998,104.510002,103.300003,104.459999,99.034081,28260600
6/27/2016,103.599998,103.599998,101.75,102.220001,96.910446,48222600
6/24/2016,104.900002,106.5,104.059998,104.290001,98.872925,68012700
6/23/2016,108.07,108.790001,107.620003,108.769997,103.120232,18714200
6/22/2016,107.559998,108.190002,107.150002,107.239998,101.669716,22724200
6/21/2016,107.300003,107.720001,107.099998,107.5,101.916206,22804100
6/20/2016,107.730003,108.239998,107.080002,107.160004,101.593857,20562800
6/17/2016,107.529999,107.68,106.239998,106.489998,100.958633,29208800
6/16/2016,107.190002,108.139999,106.5,108.040001,102.156029,32079900
6/15/2016,108.290001,108.440002,107.540001,107.720001,101.853477,24605700
6/14/2016,107.739998,108.419998,107.239998,108.029999,102.146591,24588500
6/13/2016,108.32,108.93,107.889999,108.029999,102.146591,25154700
6/10/2016,109.190002,109.400002,108.559998,108.940002,103.007042,32965000
6/9/2016,109.919998,110.309998,109.709999,110.190002,104.188957,17571600
6/8/2016,110.370003,110.599998,109.959999,110.370003,104.359169,14568700
6/7/2016,110.519997,110.629997,110.129997,110.18,104.179504,12184300
6/6/2016,110.260002,110.75,110.07,110.459999,104.444244,12502400
6/3/2016,110.370003,110.419998,109.339996,110.059998,104.066025,20269900
6/2/2016,110.129997,110.589996,109.529999,110.580002,104.557693,15696600
6/1/2016,110,110.599998,109.910004,110.349998,104.340233,19571500
5/31/2016,110.279999,110.510002,109.779999,110.339996,104.330795,24366100
5/27/2016,109.629997,110.139999,109.610001,110.129997,104.132217,19870000
5/26/2016,109.349998,109.699997,109.089996,109.559998,103.593246,21885900
5/25/2016,108.870003,109.57,108.68,109.239998,103.290665,37951700
5/24/2016,106.919998,108.589996,106.889999,108.459999,102.553162,29931300
5/23/2016,106.589996,106.970001,106.230003,106.330002,100.539177,15729800
5/20/2016,105.730003,106.900002,105.669998,106.470001,100.671539,29549600
5/19/2016,105.449997,105.709999,104.540001,105.309998,99.574715,27334600
5/18/2016,105.239998,106.43,105.040001,105.860001,100.094765,27524400
5/17/2016,106.730003,107.040001,105.199997,105.480003,99.735481,29932700
5/16/2016,105.660004,107.209999,105.559998,106.82,101.002472,18311900
5/13/2016,105.800003,106.449997,105.290001,105.5,99.754364,21059300
5/12/2016,106.610001,106.739998,105.139999,105.889999,100.123131,29196300
5/11/2016,107.169998,107.489998,106.330002,106.360001,100.567558,20966300
5/10/2016,106.260002,107.379997,106.07,107.330002,101.484703,21178900
5/9/2016,105.589996,106.370003,105.540001,105.879997,100.113686,19289600
5/6/2016,104.5,105.599998,104.400002,105.580002,99.830002,30758500
5/5/2016,105.43,105.660004,104.809998,105.019997,99.300529,20788100
5/4/2016,105.089996,105.480003,104.790001,105.050003,99.328903,27474500
5/3/2016,105.959999,106.440002,105.449997,105.730003,99.97187,38569400
5/2/2016,105.989998,106.870003,105.550003,106.720001,100.907936,24813800
4/29/2016,106.279999,106.5,104.879997,105.720001,99.962372,67502800
4/28/2016,107.699997,108.330002,106.07,106.279999,100.491898,29818200
4/27/2016,107.339996,107.830002,106.690002,107.580002,101.7211,33059800
4/26/2016,109.209999,109.389999,108.120003,108.449997,102.543709,19118300
4/25/2016,108.650002,108.989998,108.449997,108.980003,103.044846,14351900
4/22/2016,109.209999,109.720001,108.120003,108.980003,103.044846,39074000
4/21/2016,110.580002,111.050003,110.150002,110.650002,104.623924,20216000
4/20/2016,110.550003,111.150002,110.169998,110.639999,104.614433,18078300
4/19/2016,111.440002,111.440002,109.879997,110.550003,104.529335,42481400
4/18/2016,110.32,111.269997,110.25,111.230003,105.172295,17126100
4/15/2016,110.830002,111.059998,110.360001,110.639999,104.614433,21353300
4/14/2016,110.93,111.330002,110,110.919998,104.879204,17199700
4/13/2016,110.349998,111.080002,110.209999,110.910004,104.869736,25356700
4/12/2016,108.68,109.720001,108.019997,109.510002,103.545967,28564100
4/11/2016,109.470001,110.019997,108.589996,108.599998,102.685539,25772100
4/8/2016,109.760002,110.019997,108.620003,109,103.063751,22898000
4/7/2016,110.029999,110.230003,108.610001,109.080002,103.13942,28567200
4/6/2016,108.989998,110.709999,108.989998,110.669998,104.642815,25056000
4/5/2016,109.089996,109.5,108.739998,108.879997,102.950294,20107900
4/4/2016,110.360001,110.440002,109.68,109.940002,103.952583,17163000
4/1/2016,108.540001,110.400002,108.389999,110.360001,104.349693,26389000
3/31/2016,109.279999,109.690002,109.029999,109.199997,103.252846,21447200
3/30/2016,109.480003,110.040001,109.129997,109.360001,103.404144,23807200
3/29/2016,106.910004,108.900002,106.730003,108.830002,102.903038,29963900
3/28/2016,107.559998,107.580002,106.919998,107.110001,101.27668,13892300
3/24/2016,106.709999,107.290001,106.529999,107.260002,101.418533,19017300
3/23/2016,107.910004,107.989998,106.989998,107.230003,101.390144,20912900
3/22/2016,107.18,108.370003,107.160004,108.120003,102.231689,18840300
3/21/2016,107.18,107.889999,107.120003,107.790001,101.919678,17288600
3/18/2016,107.459999,107.639999,106.800003,107.370003,101.522522,37682300
3/17/2016,107.269997,107.769997,106.870003,107.519997,101.363678,29623700
3/16/2016,106.370003,107.860001,106.339996,107.580002,101.420242,31693100
3/15/2016,106.290001,106.75,105.949997,106.629997,100.524628,26524600
3/14/2016,106.089996,106.919998,106.059998,106.669998,100.56234,25374900
3/11/2016,105.790001,106.489998,105.459999,106.489998,100.39267,31454000
3/10/2016,105.260002,105.860001,103.309998,104.660004,98.667419,44236100
3/9/2016,104.540001,104.839996,103.959999,104.82,98.818283,31047400
3/8/2016,104.300003,105.209999,103.970001,104.150002,98.186615,28898500
3/7/2016,105.129997,105.739998,104.269997,105.019997,99.006844,25861200
3/4/2016,105.75,106.349998,104.970001,105.669998,99.619583,31655400
3/3/2016,105.720001,105.75,104.870003,105.629997,99.581886,25474600
3/2/2016,105.660004,105.849998,105.010002,105.830002,99.770462,29209800
3/1/2016,103.480003,105.790001,103.160004,105.790001,99.732742,37699800
2/29/2016,103.330002,104.099998,102.5,102.5,96.631119,27553900
2/26/2016,104.349998,104.370003,103.18,103.43,97.507866,30925000
2/25/2016,102.760002,103.559998,101.839996,103.559998,97.630417,29389300
2/24/2016,100.389999,102.68,99.769997,102.550003,96.678238,40739100
2/23/2016,102.68,102.959999,101.510002,101.580002,95.763794,29869700
2/22/2016,102.580002,103.379997,102.480003,103.279999,97.366447,23979100
2/19/2016,100.839996,101.940002,100.620003,101.629997,95.810936,28257900
2/18/2016,102.82,102.839996,101.199997,101.330002,95.528091,38991500
2/17/2016,100.959999,102.639999,100.699997,102.5,96.631119,41766500
2/16/2016,99.470001,100.230003,98.849998,100.230003,94.491066,40565900
2/12/2016,97.639999,98.120003,96.730003,98.019997,92.407608,49186500
2/11/2016,95.459999,97.32,95.190002,96.550003,91.02179,76839200
2/10/2016,97.43,98.690002,96.620003,96.690002,91.153778,59421700
2/9/2016,95.330002,97.779999,95.18,96.32,90.804962,73778400
2/8/2016,96.290001,97.050003,94.839996,96.620003,91.087791,91673100
2/5/2016,101.290001,101.330002,97.720001,98.120003,92.501877,70749900
2/4/2016,101.389999,102.459999,100.440002,101.650002,95.829796,49321600
2/3/2016,102.830002,102.830002,99.879997,101.660004,95.839218,61572900
2/2/2016,103.93,103.970001,101.839996,102.150002,96.301155,44928100
2/1/2016,103.629997,104.800003,103.230003,104.410004,98.43177,32750300
1/29/2016,101.970001,104.169998,101.940002,104.129997,98.167778,54245100
1/28/2016,102.25,102.290001,100.260002,102,96.159729,47641500
1/27/2016,102.550003,102.989998,100.150002,100.580002,94.821068,54524700
1/26/2016,102.660004,103.589996,101.760002,103.150002,97.243919,36143900
1/25/2016,103.400002,103.989998,102.139999,102.230003,96.376572,38881500
1/22/2016,102.879997,103.809998,102.529999,103.769997,97.828384,42229800
1/21/2016,101.18,102.349998,99.82,100.849998,95.075584,61660100
1/20/2016,99.470001,101.830002,97.25,100.75,94.981323,86675000
1/19/2016,102.209999,102.370003,99.879997,101.059998,95.273575,56563800
1/15/2016,100.620003,101.940002,99.510002,100.839996,95.066154,91443900
1/14/2016,102.300003,104.980003,100.669998,104.07,98.111229,78445700
1/13/2016,105.970001,106.230003,101.739998,101.900002,96.065475,69870700
1/12/2016,105.330002,106.080002,104.080002,105.540001,99.497047,46734200
1/11/2016,104.75,105.059998,102.730003,104.330002,98.356331,50024100
1/8/2016,105.629997,106.290001,103.900002,104.010002,98.054657,69344000
1/7/2016,105.949997,107.290001,104.809998,104.870003,98.865417,61386300
1/6/2016,107.410004,108.889999,107.410004,108.260002,102.06131,41891100
1/5/2016,110.040001,110.18,108.800003,109.309998,103.051193,38795200
1/4/2016,109.449997,109.599998,108.120003,109.5,103.230324,50807600
12/31/2015,112.870003,113.080002,111.839996,111.860001,105.455193,29886800
12/30/2015,114.199997,114.239998,113.25,113.269997,106.784447,19520100
12/29/2015,113.199997,114.550003,113.129997,114.300003,107.755501,27725700
12/28/2015,112.32,112.550003,111.510002,112.529999,106.08683,19183600
12/24/2015,112.610001,112.900002,112.540001,112.589996,106.14341,11468600
12/23/2015,112.360001,112.690002,112.160004,112.610001,106.162224,25656900
12/22/2015,111.639999,111.940002,111.050003,111.779999,105.379768,26540300
12/21/2015,110.870003,111.07,110.050003,111.050003,104.691551,26432800
12/18/2015,111.629997,111.879997,109.830002,109.830002,103.541405,53746100
12/17/2015,114.480003,114.480003,112.300003,112.32,105.566444,45668800
12/16/2015,113.07,114.169998,111.889999,113.980003,107.126648,44944100
12/15/2015,112.660004,113.279999,112.169998,112.309998,105.55703,48428000
12/14/2015,110.940002,111.68,109.379997,111.629997,104.917908,53098500
12/11/2015,112.089996,112.389999,110.720001,110.790001,104.128418,56022200
12/10/2015,113.150002,114.160004,112.809998,113.400002,106.581497,30154600
12/9/2015,114.129997,114.760002,112.199997,112.889999,106.102142,48509200
12/8/2015,113.419998,115,113.379997,114.629997,107.737534,30792600
12/7/2015,115.220001,115.290001,114.07,114.620003,107.728142,25892100
12/4/2015,112.849998,115.330002,112.620003,115.139999,108.21685,40037300
12/3/2015,114.760002,114.959999,111.839996,112.510002,105.74501,42754300
12/2/2015,115.25,115.75,114.279999,114.449997,107.568375,22395500
12/1/2015,114.480003,115.160004,114.339996,115.160004,108.23568,28639400
11/30/2015,114.650002,114.650002,113.650002,114.019997,107.16423,25041600
11/27/2015,114.400002,114.540001,113.919998,114.309998,107.436775,8828000
11/25/2015,114.220001,114.360001,113.910004,114.150002,107.2864,14159900
11/24/2015,113.410004,114.32,112.839996,114.050003,107.192436,26374400
11/23/2015,114.519997,114.940002,113.660004,114.150002,107.2864,20696200
11/20/2015,114.25,114.57,114.139999,114.480003,107.59655,22727600
11/19/2015,113.690002,114.230003,113.489998,113.709999,106.872856,26188100
11/18/2015,111.940002,113.739998,111.830002,113.629997,106.797668,32966500
11/17/2015,111.610001,112.290001,111.209999,111.489998,104.786324,30579500
11/16/2015,109.730003,111.440002,109.480003,111.419998,104.720551,33980600
11/13/2015,111.57,111.690002,109.779999,109.839996,103.235542,52836000
11/12/2015,112.68,113.230003,111.959999,112.040001,105.303276,31196900
11/11/2015,113.589996,114.139999,112.949997,113.139999,106.337128,22748800
11/10/2015,112.970001,113.389999,112.629997,113.279999,106.468697,35452100
11/9/2015,114.360001,114.510002,112.870003,113.57,106.741257,33479800
11/6/2015,114.489998,114.919998,113.760002,114.790001,107.887932,29924900
11/5/2015,115.120003,115.400002,114.110001,114.709999,107.812729,25004100
11/4/2015,115.389999,115.470001,114.540001,115.019997,108.104073,28633000
11/3/2015,114.379997,115.419998,114.209999,115.010002,108.094696,20418400
11/2/2015,113.629997,114.75,113.389999,114.610001,107.718758,22176900
10/30/2015,113.889999,114.080002,113.300003,113.330002,106.515717,27199200
10/29/2015,113.5,114.029999,113.379997,113.839996,106.995033,24913300
10/28/2015,113.25,114.019997,112.339996,114.019997,107.16423,42221900
10/27/2015,112.550003,113.239998,112.519997,113.080002,106.280754,31390500
10/26/2015,112.699997,113.07,112.269997,112.849998,106.06456,25918000
10/23/2015,112.660004,113.239998,112.07,112.779999,105.998779,53170900
10/22/2015,108.480003,109.800003,108.169998,109.709999,103.113373,42778700
10/21/2015,108.730003,108.839996,107.480003,107.519997,101.055038,30195200
10/20/2015,108.550003,108.779999,107.809998,108.18,101.675354,23404700
10/19/2015,107.980003,108.809998,107.739998,108.739998,102.201698,23776300
10/16/2015,107.900002,108.18,107.379997,108.120003,101.618965,27091100
10/15/2015,106.32,107.68,106.18,107.669998,101.196037,38393800
10/14/2015,106.099998,106.629997,105.489998,105.93,99.560654,30902600
10/13/2015,106.18,107.260002,106,106.099998,99.720436,26999600
10/12/2015,106.730003,106.989998,106.349998,106.790001,100.368942,16162000
10/9/2015,106.099998,106.730003,105.809998,106.529999,100.124588,23916200
10/8/2015,105.230003,106.230003,104.209999,106.050003,99.673447,50188900
10/7/2015,105.660004,105.860001,104.290001,105.629997,99.278679,37389300
10/6/2015,105.25,105.599998,104.18,105,98.686577,33051500
10/5/2015,104.779999,105.779999,104.550003,105.5,99.156487,32853500
